timestamp,S1,S2,S3,S4,S5,S6,S7,S8,S9,S10,S11,S12,S13,S14,S15,S16
2021-05-09 04:15:00,0.2639999999985321,0.264299999999821,0.8802000000000589,0.2639999999985321,0.8802000000000589,0.2639999999985321,0.8802000000000589,0.264299999999821,0.264299999999821,0.8802000000000589,0.8802000000000589,0.8802000000000589,0.8802000000000589,0.8802000000000589,0.7922999999999547,0.8802000000000589
2021-05-09 04:16:00,0.21119999999882566,0.264299999999821,0.44010000000002947,0.15839999999911925,0.44010000000002947,0.18479999999897245,0.44010000000002947,0.264299999999821,0.264299999999821,0.44010000000002947,0.44010000000002947,0.44010000000002947,0.44010000000002947,0.44010000000002947,0.7922999999999547,0.44010000000002947
2021-05-09 04:17:00,0.2639999999985321,0.264299999999821,0.8802000000000589,0.2639999999985321,0.8802000000000589,0.2639999999985321,0.8802000000000589,0.264299999999821,0.264299999999821,0.8802000000000589,0.8802000000000589,0.8802000000000589,0.8802000000000589,0.8802000000000589,0.7922999999999547,0.8802000000000589
2021-05-09 04:18:00,0.2639999999985321,0.264299999999821,0.44010000000002947,0.15839999999911925,0.8802000000000589,0.21119999999882566,1.3203000000000884,0.264299999999821,0.264299999999821,0.44010000000002947,0.44010000000002947,0.44010000000002947,0.44010000000002947,0.44010000000002947,0.7922999999999547,0.44010000000002947
2021-05-09 04:19:00,0.24639999999862994,0.264299999999821,0.8802000000000589,0.2639999999985321,0.44010000000002947,0.255199999998581,0.8802000000000589,0.264299999999821,0.264299999999821,0.8802000000000589,0.8802000000000589,0.8802000000000589,0.8802000000000589,0.8802000000000589,0.7922999999999547,0.8802000000000589
2021-05-09 04:20:00,0.2287999999987278,0.264299999999821,0.44010000000002947,0.15839999999911925,0.8802000000000589,0.19359999999892352,0.44010000000002947,0.264299999999821,0.264299999999821,0.44010000000002947,0.44010000000002947,0.44010000000002947,0.44010000000002947,0.44010000000002947,0.7922999999999547,0.44010000000002947
2021-05-09 04:21:00,0.2639999999985321,0.264299999999821,0.8802000000000589,0.2639999999985321,0.44010000000002947,0.2639999999985321,1.3203000000000884,0.264299999999821,0.264299999999821,0.8802000000000589,0.8802000000000589,0.8802000000000589,0.8802000000000589,0.8802000000000589,0.7922999999999547,0.8802000000000589
2021-05-09 04:22:00,0.24639999999862994,0.264299999999821,0.44010000000002947,0.15839999999911925,0.8802000000000589,0.2023999999988746,0.8802000000000589,0.264299999999821,0.264299999999821,0.44010000000002947,0.44010000000002947,0.44010000000002947,0.44010000000002947,0.44010000000002947,0.7922999999999547,0.44010000000002947
2021-05-09 04:23:00,0.2287999999987278,0.264299999999821,0.8802000000000589,0.2639999999985321,0.44010000000002947,0.24639999999862994,0.44010000000002947,0.264299999999821,0.264299999999821,0.8802000000000589,0.8802000000000589,0.8802000000000589,0.8802000000000589,0.8802000000000589,0.7922999999999547,0.8802000000000589
2021-05-09 04:24:00,0.24639999999862994,0.264299999999821,0.44010000000002947,0.15839999999911925,0.8802000000000589,0.2023999999988746,0.8802000000000589,0.264299999999821,0.264299999999821,0.44010000000002947,0.44010000000002947,0.44010000000002947,0.44010000000002947,0.44010000000002947,0.7922999999999547,0.44010000000002947
2021-05-09 04:25:00,0.24639999999862994,0.264299999999821,0.8802000000000589,0.2639999999985321,0.44010000000002947,0.255199999998581,0.8802000000000589,0.264299999999821,0.264299999999821,0.8802000000000589,0.8802000000000589,0.8802000000000589,0.8802000000000589,0.8802000000000589,0.7922999999999547,0.8802000000000589
2021-05-09 04:26:00,0.2287999999987278,0.264299999999821,0.44010000000002947,0.15839999999911925,0.8802000000000589,0.19359999999892352,0.44010000000002947,0.264299999999821,0.264299999999821,0.44010000000002947,0.44010000000002947,0.44010000000002947,0.44010000000002947,0.44010000000002947,0.7922999999999547,0.44010000000002947
2021-05-09 04:27:00,0.24639999999862994,0.264299999999821,0.8802000000000589,0.2639999999985321,0.44010000000002947,0.255199999998581,0.8802000000000589,0.264299999999821,0.264299999999821,0.8802000000000589,0.8802000000000589,0.8802000000000589,0.8802000000000589,0.8802000000000589,0.7922999999999547,0.8802000000000589
2021-05-09 04:28:00,0.2287999999987278,0.264299999999821,0.44010000000002947,0.15839999999911925,0.8802000000000589,0.19359999999892352,0.44010000000002947,0.264299999999821,0.264299999999821,0.44010000000002947,0.44010000000002947,0.44010000000002947,0.44010000000002947,0.44010000000002947,0.7922999999999547,0.44010000000002947
2021-05-09 04:29:00,0.24639999999862994,0.264299999999821,0.8802000000000589,0.2639999999985321,0.44010000000002947,0.255199999998581,0.8802000000000589,0.264299999999821,0.264299999999821,0.8802000000000589,0.8802000000000589,0.8802000000000589,0.8802000000000589,0.8802000000000589,0.7922999999999547,0.8802000000000589
2021-05-09 04:30:00,0.2287999999987278,0.264299999999821,0.44010000000002947,0.17599999999902138,0.8802000000000589,0.2023999999988746,0.44010000000002947,0.264299999999821,0.264299999999821,0.44010000000002947,0.44010000000002947,0.44010000000002947,0.44010000000002947,0.44010000000002947,0.7922999999999547,0.8802000000000589
2021-05-09 04:31:00,0.2639999999985321,0.264299999999821,0.8802000000000589,0.24639999999862994,0.8802000000000589,0.255199999998581,0.8802000000000589,0.264299999999821,0.264299999999821,0.8802000000000589,0.8802000000000589,0.8802000000000589,0.8802000000000589,0.8802000000000589,0.7922999999999547,0.44010000000002947
2021-05-09 04:32:00,0.2287999999987278,0.264299999999821,0.44010000000002947,0.17599999999902138,0.44010000000002947,0.2023999999988746,0.8802000000000589,0.264299999999821,0.264299999999821,0.44010000000002947,0.44010000000002947,0.44010000000002947,0.44010000000002947,0.44010000000002947,0.7922999999999547,0.8802000000000589
2021-05-09 04:33:00,0.2639999999985321,0.264299999999821,0.8802000000000589,0.24639999999862994,0.8802000000000589,0.255199999998581,0.8802000000000589,0.264299999999821,0.264299999999821,0.8802000000000589,0.8802000000000589,0.8802000000000589,0.8802000000000589,0.8802000000000589,0.7922999999999547,0.44010000000002947
2021-05-09 04:34:00,0.2287999999987278,0.264299999999821,0.44010000000002947,0.17599999999902138,0.44010000000002947,0.2023999999988746,0.8802000000000589,0.264299999999821,0.264299999999821,0.44010000000002947,0.44010000000002947,0.44010000000002947,0.44010000000002947,0.44010000000002947,0.7922999999999547,0.8802000000000589
2021-05-09 04:35:00,0.2815999999984342,0.264299999999821,0.8802000000000589,0.2639999999985321,0.8802000000000589,0.27279999999848314,1.3203000000000884,0.264299999999821,0.264299999999821,0.8802000000000589,0.8802000000000589,0.8802000000000589,0.8802000000000589,0.8802000000000589,0.7922999999999547,0.8802000000000589
2021-05-09 04:36:00,0.24639999999862994,0.264299999999821,0.44010000000002947,0.17599999999902138,0.44010000000002947,0.21119999999882566,1.3203000000000884,0.264299999999821,0.264299999999821,0.44010000000002947,0.44010000000002947,0.44010000000002947,0.44010000000002947,0.44010000000002947,0.7922999999999547,0.8802000000000589
2021-05-09 04:37:00,0.2815999999984342,0.264299999999821,0.8802000000000589,0.24639999999862994,0.8802000000000589,0.2639999999985321,1.3203000000000884,0.264299999999821,0.264299999999821,0.8802000000000589,0.8802000000000589,0.8802000000000589,0.8802000000000589,0.8802000000000589,0.7922999999999547,0.44010000000002947
2021-05-09 04:38:00,0.2639999999985321,0.264299999999821,0.44010000000002947,0.17599999999902138,0.44010000000002947,0.21999999999877673,1.3203000000000884,0.264299999999821,0.264299999999821,0.8802000000000589,0.44010000000002947,0.44010000000002947,0.44010000000002947,0.44010000000002947,0.7922999999999547,0.8802000000000589
2021-05-09 04:39:00,0.24639999999862994,0.264299999999821,0.8802000000000589,0.2639999999985321,0.8802000000000589,0.255199999998581,0.8802000000000589,0.264299999999821,0.264299999999821,0.44010000000002947,0.8802000000000589,0.8802000000000589,0.8802000000000589,0.8802000000000589,0.7922999999999547,0.8802000000000589
2021-05-09 04:40:00,0.2287999999987278,0.264299999999821,0.44010000000002947,0.15839999999911925,0.44010000000002947,0.19359999999892352,0.44010000000002947,0.264299999999821,0.264299999999821,0.8802000000000589,0.44010000000002947,0.44010000000002947,0.44010000000002947,0.44010000000002947,0.7922999999999547,0.44010000000002947
2021-05-09 04:41:00,0.24639999999862994,0.264299999999821,0.8802000000000589,0.2639999999985321,0.8802000000000589,0.255199999998581,0.8802000000000589,0.264299999999821,0.264299999999821,0.44010000000002947,0.8802000000000589,0.8802000000000589,0.8802000000000589,0.8802000000000589,0.7922999999999547,0.8802000000000589
2021-05-09 04:42:00,0.2639999999985321,0.264299999999821,0.44010000000002947,0.15839999999911925,0.8802000000000589,0.21119999999882566,0.8802000000000589,0.264299999999821,0.264299999999821,0.8802000000000589,0.44010000000002947,0.44010000000002947,0.44010000000002947,0.44010000000002947,0.7922999999999547,0.44010000000002947
2021-05-09 04:43:00,0.2639999999985321,0.264299999999821,0.8802000000000589,0.2639999999985321,0.44010000000002947,0.2639999999985321,1.3203000000000884,0.264299999999821,0.264299999999821,0.8802000000000589,0.8802000000000589,0.8802000000000589,0.8802000000000589,0.8802000000000589,0.7922999999999547,0.8802000000000589
2021-05-09 04:44:00,0.24639999999862994,0.264299999999821,0.44010000000002947,0.17599999999902138,0.8802000000000589,0.21119999999882566,0.8802000000000589,0.264299999999821,0.264299999999821,0.44010000000002947,0.44010000000002947,0.44010000000002947,0.44010000000002947,0.44010000000002947,0.7922999999999547,0.8802000000000589
2021-05-09 04:45:00,0.24639999999862994,0.264299999999821,0.8802000000000589,0.24639999999862994,0.44010000000002947,0.24639999999862994,0.8802000000000589,0.264299999999821,0.264299999999821,0.8802000000000589,0.8802000000000589,0.8802000000000589,0.8802000000000589,0.8802000000000589,0.7922999999999547,0.44010000000002947
2021-05-09 04:46:00,0.2639999999985321,0.264299999999821,0.44010000000002947,0.17599999999902138,0.8802000000000589,0.21999999999877673,1.3203000000000884,0.264299999999821,0.264299999999821,0.44010000000002947,0.44010000000002947,0.44010000000002947,0.44010000000002947,0.44010000000002947,0.7922999999999547,0.8802000000000589
2021-05-09 04:47:00,0.24639999999862994,0.264299999999821,0.8802000000000589,0.24639999999862994,0.44010000000002947,0.24639999999862994,0.8802000000000589,0.264299999999821,0.264299999999821,0.8802000000000589,0.8802000000000589,0.8802000000000589,0.8802000000000589,0.8802000000000589,0.7922999999999547,0.44010000000002947
2021-05-09 04:48:00,0.24639999999862994,0.264299999999821,0.44010000000002947,0.17599999999902138,0.8802000000000589,0.21119999999882566,0.8802000000000589,0.264299999999821,0.264299999999821,0.44010000000002947,0.44010000000002947,0.44010000000002947,0.44010000000002947,0.44010000000002947,0.7922999999999547,0.8802000000000589
2021-05-09 04:49:00,0.2287999999987278,0.264299999999821,0.8802000000000589,0.24639999999862994,0.44010000000002947,0.23759999999867887,0.44010000000002947,0.264299999999821,0.264299999999821,0.8802000000000589,0.8802000000000589,0.8802000000000589,0.8802000000000589,0.8802000000000589,0.7922999999999547,0.44010000000002947
2021-05-09 04:50:00,0.2639999999985321,0.264299999999821,0.44010000000002947,0.17599999999902138,0.8802000000000589,0.21999999999877673,0.8802000000000589,0.264299999999821,0.264299999999821,0.8802000000000589,0.44010000000002947,0.44010000000002947,0.44010000000002947,0.44010000000002947,0.7922999999999547,0.8802000000000589
2021-05-09 04:51:00,0.2287999999987278,0.264299999999821,0.8802000000000589,0.2639999999985321,0.44010000000002947,0.24639999999862994,0.8802000000000589,0.264299999999821,0.264299999999821,0.44010000000002947,0.8802000000000589,0.8802000000000589,0.8802000000000589,0.8802000000000589,0.7922999999999547,0.8802000000000589
2021-05-09 04:52:00,0.2815999999984342,0.264299999999821,0.44010000000002947,0.15839999999911925,0.8802000000000589,0.21999999999877673,1.3203000000000884,0.264299999999821,0.264299999999821,0.8802000000000589,0.44010000000002947,0.44010000000002947,0.44010000000002947,0.44010000000002947,0.7922999999999547,0.44010000000002947
2021-05-09 04:53:00,0.24639999999862994,0.264299999999821,0.8802000000000589,0.2639999999985321,0.44010000000002947,0.255199999998581,1.3203000000000884,0.264299999999821,0.264299999999821,0.44010000000002947,0.8802000000000589,0.8802000000000589,0.8802000000000589,0.8802000000000589,0.7922999999999547,0.8802000000000589
2021-05-09 04:54:00,0.2815999999984342,0.264299999999821,0.44010000000002947,0.15839999999911925,0.8802000000000589,0.21999999999877673,1.3203000000000884,0.264299999999821,0.264299999999821,0.8802000000000589,0.44010000000002947,0.44010000000002947,0.44010000000002947,0.44010000000002947,0.7922999999999547,0.44010000000002947
2021-05-09 04:55:00,0.24639999999862994,0.264299999999821,0.8802000000000589,0.2639999999985321,0.8802000000000589,0.255199999998581,0.8802000000000589,0.264299999999821,0.264299999999821,0.44010000000002947,0.8802000000000589,0.8802000000000589,0.8802000000000589,0.8802000000000589,0.7922999999999547,0.8802000000000589
2021-05-09 04:56:00,0.2639999999985321,0.264299999999821,0.44010000000002947,0.15839999999911925,0.8802000000000589,0.21119999999882566,0.8802000000000589,0.264299999999821,0.264299999999821,0.8802000000000589,0.44010000000002947,0.44010000000002947,0.44010000000002947,0.44010000000002947,0.7922999999999547,0.44010000000002947
2021-05-09 04:57:00,0.2815999999984342,0.264299999999821,0.8802000000000589,0.2639999999985321,0.8802000000000589,0.27279999999848314,1.3203000000000884,0.264299999999821,0.264299999999821,0.8802000000000589,0.8802000000000589,0.8802000000000589,0.8802000000000589,0.8802000000000589,0.7922999999999547,0.8802000000000589
2021-05-09 04:58:00,0.2287999999987278,0.264299999999821,0.44010000000002947,0.17599999999902138,0.44010000000002947,0.2023999999988746,0.8802000000000589,0.264299999999821,0.264299999999821,0.44010000000002947,0.8802000000000589,0.44010000000002947,0.44010000000002947,0.44010000000002947,0.7922999999999547,0.44010000000002947
2021-05-09 04:59:00,0.2639999999985321,0.264299999999821,0.8802000000000589,0.24639999999862994,0.8802000000000589,0.255199999998581,0.8802000000000589,0.264299999999821,0.264299999999821,0.8802000000000589,0.44010000000002947,0.8802000000000589,0.8802000000000589,0.8802000000000589,0.7922999999999547,0.8802000000000589
2021-05-09 05:00:00,0.24639999999862994,0.264299999999821,0.44010000000002947,0.17599999999902138,0.44010000000002947,0.21119999999882566,1.3203000000000884,0.264299999999821,0.264299999999821,0.44010000000002947,0.8802000000000589,0.44010000000002947,0.44010000000002947,0.44010000000002947,0.7922999999999547,0.44010000000002947
2021-05-09 05:01:00,0.2815999999984342,0.264299999999821,0.8802000000000589,0.24639999999862994,0.8802000000000589,0.2639999999985321,1.3203000000000884,0.264299999999821,0.264299999999821,0.8802000000000589,0.44010000000002947,0.8802000000000589,0.8802000000000589,0.8802000000000589,0.7922999999999547,0.8802000000000589
2021-05-09 05:02:00,0.24639999999862994,0.264299999999821,0.44010000000002947,0.17599999999902138,0.44010000000002947,0.21119999999882566,1.3203000000000884,0.264299999999821,0.264299999999821,0.44010000000002947,0.8802000000000589,0.44010000000002947,0.44010000000002947,0.44010000000002947,0.7922999999999547,0.44010000000002947
2021-05-09 05:03:00,0.2815999999984342,0.264299999999821,0.8802000000000589,0.24639999999862994,0.8802000000000589,0.2639999999985321,1.3203000000000884,0.264299999999821,0.264299999999821,0.8802000000000589,0.44010000000002947,0.8802000000000589,0.8802000000000589,0.8802000000000589,0.7922999999999547,0.8802000000000589
2021-05-09 05:04:00,0.24639999999862994,0.264299999999821,0.44010000000002947,0.19359999999892352,0.44010000000002947,0.21999999999877673,0.8802000000000589,0.264299999999821,0.264299999999821,0.8802000000000589,0.8802000000000589,0.44010000000002947,0.44010000000002947,0.44010000000002947,0.7922999999999547,0.8802000000000589
2021-05-09 05:05:00,0.2815999999984342,0.264299999999821,0.8802000000000589,0.2287999999987278,0.8802000000000589,0.255199999998581,1.3203000000000884,0.264299999999821,0.264299999999821,0.8802000000000589,0.44010000000002947,0.8802000000000589,0.8802000000000589,0.8802000000000589,0.7922999999999547,0.44010000000002947
2021-05-09 05:06:00,0.24639999999862994,0.264299999999821,0.44010000000002947,0.19359999999892352,0.44010000000002947,0.21999999999877673,1.3203000000000884,0.264299999999821,0.264299999999821,0.44010000000002947,0.8802000000000589,0.44010000000002947,0.44010000000002947,0.44010000000002947,0.7922999999999547,0.8802000000000589
2021-05-09 05:07:00,0.2815999999984342,0.264299999999821,0.8802000000000589,0.24639999999862994,0.8802000000000589,0.2639999999985321,1.3203000000000884,0.264299999999821,0.264299999999821,0.8802000000000589,0.44010000000002947,0.8802000000000589,0.8802000000000589,0.8802000000000589,0.7922999999999547,0.8802000000000589
2021-05-09 05:08:00,0.24639999999862994,0.264299999999821,0.44010000000002947,0.19359999999892352,0.44010000000002947,0.21999999999877673,1.3203000000000884,0.264299999999821,0.264299999999821,0.44010000000002947,0.8802000000000589,0.8802000000000589,0.44010000000002947,0.44010000000002947,0.7922999999999547,0.44010000000002947
2021-05-09 05:09:00,0.2639999999985321,0.264299999999821,0.8802000000000589,0.2287999999987278,0.8802000000000589,0.24639999999862994,0.8802000000000589,0.264299999999821,0.264299999999821,0.8802000000000589,0.44010000000002947,0.44010000000002947,0.8802000000000589,0.8802000000000589,0.7922999999999547,0.8802000000000589
2021-05-09 05:10:00,0.21119999999882566,0.264299999999821,0.44010000000002947,0.19359999999892352,0.44010000000002947,0.2023999999988746,0.44010000000002947,0.264299999999821,0.264299999999821,0.44010000000002947,0.8802000000000589,0.8802000000000589,0.44010000000002947,0.44010000000002947,0.7922999999999547,0.44010000000002947
2021-05-09 05:11:00,0.2639999999985321,0.264299999999821,0.8802000000000589,0.2287999999987278,0.8802000000000589,0.24639999999862994,0.8802000000000589,0.264299999999821,0.264299999999821,0.8802000000000589,0.44010000000002947,0.44010000000002947,0.8802000000000589,0.8802000000000589,0.7922999999999547,0.8802000000000589
2021-05-09 05:12:00,0.21119999999882566,0.264299999999821,0.44010000000002947,0.19359999999892352,0.44010000000002947,0.2023999999988746,0.44010000000002947,0.264299999999821,0.264299999999821,0.44010000000002947,0.8802000000000589,0.8802000000000589,0.44010000000002947,0.44010000000002947,0.7922999999999547,0.44010000000002947
2021-05-09 05:13:00,0.2639999999985321,0.264299999999821,0.8802000000000589,0.2287999999987278,0.8802000000000589,0.24639999999862994,0.8802000000000589,0.264299999999821,0.264299999999821,0.8802000000000589,0.44010000000002947,0.44010000000002947,0.8802000000000589,0.8802000000000589,0.7922999999999547,0.8802000000000589
2021-05-09 05:14:00,0.2287999999987278,0.264299999999821,0.44010000000002947,0.19359999999892352,0.44010000000002947,0.21119999999882566,0.8802000000000589,0.264299999999821,0.264299999999821,0.44010000000002947,0.8802000000000589,0.8802000000000589,0.44010000000002947,0.44010000000002947,0.7922999999999547,0.44010000000002947
2021-05-09 05:15:00,0.2639999999985321,0.264299999999821,0.8802000000000589,0.2287999999987278,0.8802000000000589,0.24639999999862994,0.8802000000000589,0.264299999999821,0.264299999999821,0.8802000000000589,0.44010000000002947,0.44010000000002947,0.8802000000000589,0.8802000000000589,0.7922999999999547,0.8802000000000589
2021-05-09 05:16:00,0.24639999999862994,0.264299999999821,0.44010000000002947,0.19359999999892352,0.44010000000002947,0.21999999999877673,0.8802000000000589,0.264299999999821,0.264299999999821,0.8802000000000589,0.8802000000000589,0.8802000000000589,0.44010000000002947,0.44010000000002947,0.7922999999999547,0.44010000000002947
2021-05-09 05:17:00,0.2815999999984342,0.264299999999821,0.8802000000000589,0.2287999999987278,0.8802000000000589,0.255199999998581,1.3203000000000884,0.264299999999821,0.264299999999821,0.8802000000000589,0.44010000000002947,0.44010000000002947,0.8802000000000589,0.8802000000000589,0.7922999999999547,0.8802000000000589
2021-05-09 05:18:00,0.2639999999985321,0.264299999999821,0.44010000000002947,0.19359999999892352,0.8802000000000589,0.2287999999987278,1.3203000000000884,0.264299999999821,0.264299999999821,0.44010000000002947,0.8802000000000589,0.8802000000000589,0.44010000000002947,0.44010000000002947,0.7922999999999547,0.44010000000002947
2021-05-09 05:19:00,0.2639999999985321,0.264299999999821,0.8802000000000589,0.2287999999987278,0.44010000000002947,0.24639999999862994,1.3203000000000884,0.264299999999821,0.264299999999821,0.8802000000000589,0.44010000000002947,0.44010000000002947,0.8802000000000589,0.8802000000000589,0.7922999999999547,0.8802000000000589
2021-05-09 05:20:00,0.2815999999984342,0.264299999999821,0.44010000000002947,0.21119999999882566,0.8802000000000589,0.24639999999862994,1.3203000000000884,0.264299999999821,0.264299999999821,0.8802000000000589,0.8802000000000589,0.8802000000000589,0.44010000000002947,0.44010000000002947,0.7922999999999547,0.8802000000000589
2021-05-09 05:21:00,0.2639999999985321,0.264299999999821,0.8802000000000589,0.21119999999882566,0.8802000000000589,0.23759999999867887,1.3203000000000884,0.264299999999821,0.264299999999821,0.44010000000002947,0.44010000000002947,0.44010000000002947,0.8802000000000589,0.8802000000000589,0.7922999999999547,0.44010000000002947
2021-05-09 05:22:00,0.2639999999985321,0.264299999999821,0.44010000000002947,0.21119999999882566,0.44010000000002947,0.23759999999867887,1.3203000000000884,0.264299999999821,0.264299999999821,0.8802000000000589,0.8802000000000589,0.8802000000000589,0.44010000000002947,0.44010000000002947,0.7922999999999547,0.8802000000000589
2021-05-09 05:23:00,0.2287999999987278,0.264299999999821,0.8802000000000589,0.21119999999882566,0.8802000000000589,0.21999999999877673,0.44010000000002947,0.264299999999821,0.264299999999821,0.44010000000002947,0.44010000000002947,0.44010000000002947,0.8802000000000589,0.8802000000000589,0.7922999999999547,0.44010000000002947
2021-05-09 05:24:00,0.2815999999984342,0.264299999999821,0.44010000000002947,0.21119999999882566,0.8802000000000589,0.24639999999862994,1.3203000000000884,0.264299999999821,0.264299999999821,0.8802000000000589,0.8802000000000589,0.8802000000000589,0.44010000000002947,0.44010000000002947,0.7922999999999547,0.8802000000000589
2021-05-09 05:25:00,0.24639999999862994,0.264299999999821,0.8802000000000589,0.21119999999882566,0.8802000000000589,0.2287999999987278,0.8802000000000589,0.264299999999821,0.264299999999821,0.44010000000002947,0.44010000000002947,0.44010000000002947,0.8802000000000589,0.8802000000000589,0.7922999999999547,0.44010000000002947
2021-05-09 05:26:00,0.24639999999862994,0.264299999999821,0.44010000000002947,0.21119999999882566,0.44010000000002947,0.2287999999987278,0.8802000000000589,0.264299999999821,0.264299999999821,0.8802000000000589,0.8802000000000589,0.8802000000000589,0.44010000000002947,0.44010000000002947,0.7922999999999547,0.8802000000000589
2021-05-09 05:27:00,0.2287999999987278,0.264299999999821,0.8802000000000589,0.21119999999882566,0.8802000000000589,0.21999999999877673,0.44010000000002947,0.264299999999821,0.264299999999821,0.44010000000002947,0.44010000000002947,0.44010000000002947,0.8802000000000589,0.8802000000000589,0.7922999999999547,0.44010000000002947
2021-05-09 05:28:00,0.24639999999862994,0.264299999999821,0.44010000000002947,0.21119999999882566,0.44010000000002947,0.2287999999987278,0.8802000000000589,0.264299999999821,0.264299999999821,0.8802000000000589,0.8802000000000589,0.8802000000000589,0.44010000000002947,0.44010000000002947,0.7922999999999547,0.8802000000000589
2021-05-09 05:29:00,0.24639999999862994,0.264299999999821,0.8802000000000589,0.21119999999882566,0.8802000000000589,0.2287999999987278,0.8802000000000589,0.264299999999821,0.264299999999821,0.44010000000002947,0.44010000000002947,0.44010000000002947,0.8802000000000589,0.8802000000000589,0.7922999999999547,0.44010000000002947
2021-05-09 05:30:00,0.2815999999984342,0.264299999999821,0.44010000000002947,0.21119999999882566,0.44010000000002947,0.24639999999862994,1.3203000000000884,0.264299999999821,0.264299999999821,1.3203000000000884,0.8802000000000589,0.8802000000000589,0.44010000000002947,0.44010000000002947,0.7922999999999547,0.8802000000000589
2021-05-09 05:31:00,0.24639999999862994,0.264299999999821,0.8802000000000589,0.21119999999882566,0.8802000000000589,0.2287999999987278,0.8802000000000589,0.264299999999821,0.264299999999821,0.44010000000002947,0.44010000000002947,0.44010000000002947,0.8802000000000589,0.8802000000000589,0.7922999999999547,0.44010000000002947
2021-05-09 05:32:00,0.24639999999862994,0.264299999999821,0.44010000000002947,0.21119999999882566,0.44010000000002947,0.2287999999987278,0.8802000000000589,0.264299999999821,0.264299999999821,0.8802000000000589,0.8802000000000589,0.8802000000000589,0.44010000000002947,0.44010000000002947,0.7922999999999547,0.8802000000000589
2021-05-09 05:33:00,0.2639999999985321,0.264299999999821,0.8802000000000589,0.2287999999987278,0.8802000000000589,0.24639999999862994,1.3203000000000884,0.264299999999821,0.264299999999821,0.44010000000002947,0.44010000000002947,0.44010000000002947,0.8802000000000589,0.8802000000000589,0.7922999999999547,0.8802000000000589
2021-05-09 05:34:00,0.2815999999984342,0.264299999999821,0.44010000000002947,0.19359999999892352,0.8802000000000589,0.23759999999867887,1.3203000000000884,0.264299999999821,0.264299999999821,0.8802000000000589,0.8802000000000589,0.8802000000000589,0.44010000000002947,0.44010000000002947,0.7922999999999547,0.44010000000002947
2021-05-09 05:35:00,0.2287999999987278,0.264299999999821,0.8802000000000589,0.2287999999987278,0.44010000000002947,0.2287999999987278,0.8802000000000589,0.264299999999821,0.264299999999821,0.44010000000002947,0.44010000000002947,0.44010000000002947,0.8802000000000589,0.8802000000000589,0.7922999999999547,0.8802000000000589
2021-05-09 05:36:00,0.2639999999985321,0.264299999999821,0.44010000000002947,0.19359999999892352,0.8802000000000589,0.2287999999987278,0.8802000000000589,0.264299999999821,0.264299999999821,0.8802000000000589,0.8802000000000589,0.8802000000000589,0.44010000000002947,0.44010000000002947,0.7922999999999547,0.44010000000002947
2021-05-09 05:37:00,0.2287999999987278,0.264299999999821,0.8802000000000589,0.2287999999987278,0.44010000000002947,0.2287999999987278,0.8802000000000589,0.264299999999821,0.264299999999821,0.44010000000002947,0.44010000000002947,0.44010000000002947,0.8802000000000589,0.8802000000000589,0.7922999999999547,0.8802000000000589
2021-05-09 05:38:00,0.2815999999984342,0.264299999999821,0.44010000000002947,0.19359999999892352,0.8802000000000589,0.23759999999867887,1.3203000000000884,0.264299999999821,0.264299999999821,0.8802000000000589,0.8802000000000589,0.8802000000000589,0.44010000000002947,0.44010000000002947,0.7922999999999547,0.44010000000002947
2021-05-09 05:39:00,0.24639999999862994,0.264299999999821,0.8802000000000589,0.2287999999987278,0.44010000000002947,0.23759999999867887,1.3203000000000884,0.264299999999821,0.264299999999821,0.44010000000002947,0.44010000000002947,0.44010000000002947,0.8802000000000589,0.8802000000000589,0.7922999999999547,0.8802000000000589
2021-05-09 05:40:00,0.24639999999862994,0.264299999999821,0.44010000000002947,0.19359999999892352,0.8802000000000589,0.21999999999877673,0.44010000000002947,0.264299999999821,0.264299999999821,0.8802000000000589,0.8802000000000589,0.8802000000000589,0.44010000000002947,0.44010000000002947,0.7922999999999547,0.44010000000002947
2021-05-09 05:41:00,0.24639999999862994,0.264299999999821,0.8802000000000589,0.2287999999987278,0.44010000000002947,0.23759999999867887,1.3203000000000884,0.264299999999821,0.264299999999821,0.44010000000002947,0.44010000000002947,0.44010000000002947,0.8802000000000589,0.8802000000000589,0.7922999999999547,0.8802000000000589
2021-05-09 05:42:00,0.2639999999985321,0.264299999999821,0.44010000000002947,0.19359999999892352,0.8802000000000589,0.2287999999987278,0.8802000000000589,0.264299999999821,0.264299999999821,0.8802000000000589,0.8802000000000589,0.8802000000000589,0.44010000000002947,0.44010000000002947,0.7922999999999547,0.44010000000002947
2021-05-09 05:43:00,0.2815999999984342,0.264299999999821,0.8802000000000589,0.24639999999862994,0.8802000000000589,0.2639999999985321,1.3203000000000884,0.264299999999821,0.264299999999821,0.8802000000000589,0.44010000000002947,0.8802000000000589,0.8802000000000589,0.8802000000000589,0.7922999999999547,0.8802000000000589
2021-05-09 05:44:00,0.2639999999985321,0.264299999999821,0.44010000000002947,0.17599999999902138,0.8802000000000589,0.21999999999877673,1.3203000000000884,0.264299999999821,0.264299999999821,0.44010000000002947,0.8802000000000589,0.44010000000002947,0.44010000000002947,0.44010000000002947,0.7922999999999547,0.44010000000002947
2021-05-09 05:45:00,0.2639999999985321,0.264299999999821,0.8802000000000589,0.24639999999862994,0.8802000000000589,0.255199999998581,0.8802000000000589,0.264299999999821,0.264299999999821,0.8802000000000589,0.44010000000002947,0.8802000000000589,0.8802000000000589,0.8802000000000589,0.7922999999999547,0.8802000000000589
2021-05-09 05:46:00,0.2639999999985321,0.264299999999821,0.44010000000002947,0.17599999999902138,0.8802000000000589,0.21999999999877673,0.8802000000000589,0.264299999999821,0.264299999999821,0.8802000000000589,0.8802000000000589,0.44010000000002947,0.44010000000002947,0.44010000000002947,0.7922999999999547,0.44010000000002947
2021-05-09 05:47:00,0.2639999999985321,0.264299999999821,0.8802000000000589,0.24639999999862994,0.8802000000000589,0.255199999998581,1.3203000000000884,0.264299999999821,0.264299999999821,0.44010000000002947,0.44010000000002947,0.8802000000000589,0.8802000000000589,0.8802000000000589,0.7922999999999547,0.8802000000000589
2021-05-09 05:48:00,0.2639999999985321,0.264299999999821,0.44010000000002947,0.17599999999902138,0.8802000000000589,0.21999999999877673,0.8802000000000589,0.264299999999821,0.264299999999821,0.8802000000000589,0.8802000000000589,0.44010000000002947,0.44010000000002947,0.44010000000002947,0.7922999999999547,0.44010000000002947
2021-05-09 05:49:00,0.2815999999984342,0.264299999999821,0.8802000000000589,0.24639999999862994,0.8802000000000589,0.2639999999985321,1.3203000000000884,0.264299999999821,0.264299999999821,0.8802000000000589,0.44010000000002947,0.8802000000000589,0.8802000000000589,0.8802000000000589,0.7922999999999547,0.8802000000000589
2021-05-09 05:50:00,0.2815999999984342,0.264299999999821,0.44010000000002947,0.17599999999902138,1.3203000000000884,0.2287999999987278,1.3203000000000884,0.264299999999821,0.264299999999821,0.44010000000002947,0.8802000000000589,0.44010000000002947,0.44010000000002947,0.44010000000002947,0.7922999999999547,0.44010000000002947
2021-05-09 05:51:00,0.2639999999985321,0.264299999999821,0.8802000000000589,0.24639999999862994,0.44010000000002947,0.255199999998581,1.3203000000000884,0.264299999999821,0.264299999999821,0.8802000000000589,0.44010000000002947,0.8802000000000589,0.8802000000000589,0.8802000000000589,0.7922999999999547,0.8802000000000589
2021-05-09 05:52:00,0.2639999999985321,0.264299999999821,0.44010000000002947,0.17599999999902138,0.8802000000000589,0.21999999999877673,1.3203000000000884,0.264299999999821,0.264299999999821,0.44010000000002947,0.8802000000000589,0.44010000000002947,0.44010000000002947,0.44010000000002947,0.7922999999999547,0.44010000000002947
2021-05-09 05:53:00,0.2287999999987278,0.264299999999821,0.8802000000000589,0.24639999999862994,0.44010000000002947,0.23759999999867887,0.44010000000002947,0.264299999999821,0.264299999999821,0.8802000000000589,0.44010000000002947,0.8802000000000589,0.8802000000000589,0.8802000000000589,0.7922999999999547,0.8802000000000589
2021-05-09 05:54:00,0.2639999999985321,0.264299999999821,0.44010000000002947,0.17599999999902138,0.8802000000000589,0.21999999999877673,1.3203000000000884,0.264299999999821,0.264299999999821,0.44010000000002947,0.8802000000000589,0.44010000000002947,0.44010000000002947,0.44010000000002947,0.7922999999999547,0.44010000000002947
2021-05-09 05:55:00,0.2639999999985321,0.264299999999821,0.8802000000000589,0.24639999999862994,0.44010000000002947,0.255199999998581,1.3203000000000884,0.264299999999821,0.264299999999821,0.8802000000000589,0.44010000000002947,0.8802000000000589,0.8802000000000589,0.8802000000000589,0.7922999999999547,0.8802000000000589
2021-05-09 05:56:00,0.24639999999862994,0.264299999999821,0.44010000000002947,0.17599999999902138,0.8802000000000589,0.21119999999882566,0.8802000000000589,0.264299999999821,0.264299999999821,0.44010000000002947,0.8802000000000589,0.44010000000002947,0.44010000000002947,0.44010000000002947,0.7922999999999547,0.44010000000002947
2021-05-09 05:57:00,0.2287999999987278,0.264299999999821,0.8802000000000589,0.24639999999862994,0.44010000000002947,0.23759999999867887,0.44010000000002947,0.264299999999821,0.264299999999821,0.8802000000000589,0.44010000000002947,0.8802000000000589,0.8802000000000589,0.8802000000000589,0.7922999999999547,0.8802000000000589
2021-05-09 05:58:00,0.2639999999985321,0.264299999999821,0.44010000000002947,0.19359999999892352,0.8802000000000589,0.2287999999987278,0.8802000000000589,0.264299999999821,0.264299999999821,0.8802000000000589,0.8802000000000589,0.44010000000002947,0.44010000000002947,0.44010000000002947,0.7922999999999547,0.8802000000000589
2021-05-09 05:59:00,0.24639999999862994,0.264299999999821,0.8802000000000589,0.2287999999987278,0.44010000000002947,0.23759999999867887,1.3203000000000884,0.264299999999821,0.264299999999821,0.44010000000002947,0.44010000000002947,0.8802000000000589,0.8802000000000589,0.8802000000000589,0.7922999999999547,0.44010000000002947
2021-05-09 06:00:00,0.29919999999833635,0.264299999999821,0.44010000000002947,0.19359999999892352,0.8802000000000589,0.24639999999862994,1.3203000000000884,0.264299999999821,0.264299999999821,1.3203000000000884,0.8802000000000589,0.44010000000002947,0.44010000000002947,0.44010000000002947,0.7922999999999547,0.8802000000000589
2021-05-09 06:01:00,0.24639999999862994,0.264299999999821,0.8802000000000589,0.2287999999987278,0.8802000000000589,0.23759999999867887,0.8802000000000589,0.264299999999821,0.264299999999821,0.44010000000002947,0.44010000000002947,0.8802000000000589,0.8802000000000589,0.8802000000000589,0.7922999999999547,0.44010000000002947
2021-05-09 06:02:00,0.2639999999985321,0.264299999999821,0.44010000000002947,0.19359999999892352,0.44010000000002947,0.2287999999987278,1.3203000000000884,0.264299999999821,0.264299999999821,0.8802000000000589,0.8802000000000589,0.44010000000002947,0.44010000000002947,0.44010000000002947,0.7922999999999547,0.8802000000000589
2021-05-09 06:03:00,0.2639999999985321,0.264299999999821,0.8802000000000589,0.2287999999987278,0.8802000000000589,0.24639999999862994,1.3203000000000884,0.264299999999821,0.264299999999821,0.44010000000002947,0.44010000000002947,0.8802000000000589,0.8802000000000589,0.8802000000000589,0.7922999999999547,0.44010000000002947
2021-05-09 06:04:00,0.2639999999985321,0.264299999999821,0.44010000000002947,0.19359999999892352,0.44010000000002947,0.2287999999987278,1.3203000000000884,0.264299999999821,0.264299999999821,0.8802000000000589,0.8802000000000589,0.44010000000002947,0.44010000000002947,0.44010000000002947,0.7922999999999547,0.8802000000000589
2021-05-09 06:05:00,0.2639999999985321,0.264299999999821,0.8802000000000589,0.2287999999987278,0.8802000000000589,0.24639999999862994,1.3203000000000884,0.264299999999821,0.264299999999821,0.44010000000002947,0.44010000000002947,0.8802000000000589,0.8802000000000589,0.8802000000000589,0.7922999999999547,0.44010000000002947
2021-05-09 06:06:00,0.2815999999984342,0.264299999999821,0.44010000000002947,0.19359999999892352,0.8802000000000589,0.23759999999867887,1.3203000000000884,0.264299999999821,0.264299999999821,0.8802000000000589,0.8802000000000589,0.44010000000002947,0.44010000000002947,0.44010000000002947,0.7922999999999547,0.8802000000000589
2021-05-09 06:07:00,0.2287999999987278,0.264299999999821,0.8802000000000589,0.2287999999987278,0.8802000000000589,0.2287999999987278,0.44010000000002947,0.264299999999821,0.264299999999821,0.44010000000002947,0.44010000000002947,0.8802000000000589,0.8802000000000589,0.8802000000000589,0.7922999999999547,0.44010000000002947
2021-05-09 06:08:00,0.2815999999984342,0.264299999999821,0.44010000000002947,0.19359999999892352,0.8802000000000589,0.23759999999867887,1.3203000000000884,0.264299999999821,0.264299999999821,0.8802000000000589,0.8802000000000589,0.44010000000002947,0.44010000000002947,0.44010000000002947,0.7922999999999547,0.8802000000000589
2021-05-09 06:09:00,0.28319999999848733,0.264299999999821,0.8802000000000589,0.24639999999862994,0.8802000000000589,0.26479999999855863,1.360300000000052,0.264299999999821,0.264299999999821,0.8802000000000589,0.44010000000002947,0.8802000000000589,0.8802000000000589,0.8802000000000589,0.7922999999999547,0.8802000000000589
2021-05-09 06:10:00,0.24639999999862994,0.264299999999821,0.44010000000002947,0.17599999999902138,0.44010000000002947,0.21119999999882566,1.3203000000000884,0.264299999999821,0.264299999999821,0.44010000000002947,0.8802000000000589,0.44010000000002947,0.44010000000002947,0.44010000000002947,0.7922999999999547,0.44010000000002947
2021-05-09 06:11:00,0.24639999999862994,0.264299999999821,0.8802000000000589,0.24639999999862994,0.8802000000000589,0.24639999999862994,0.44010000000002947,0.264299999999821,0.264299999999821,0.8802000000000589,0.44010000000002947,0.8802000000000589,0.8802000000000589,0.8802000000000589,0.7922999999999547,0.8802000000000589
2021-05-09 06:12:00,0.2639999999985321,0.264299999999821,0.44010000000002947,0.19359999999892352,0.8802000000000589,0.2287999999987278,1.3203000000000884,0.264299999999821,0.264299999999821,0.44010000000002947,0.8802000000000589,0.44010000000002947,0.44010000000002947,0.44010000000002947,0.7922999999999547,0.8802000000000589
2021-05-09 06:13:00,0.2815999999984342,0.264299999999821,0.8802000000000589,0.2287999999987278,0.8802000000000589,0.255199999998581,1.3203000000000884,0.264299999999821,0.264299999999821,0.8802000000000589,0.44010000000002947,0.8802000000000589,0.8802000000000589,0.8802000000000589,0.7922999999999547,0.44010000000002947
2021-05-09 06:14:00,0.24639999999862994,0.264299999999821,0.44010000000002947,0.19359999999892352,0.44010000000002947,0.21999999999877673,1.3203000000000884,0.264299999999821,0.264299999999821,0.44010000000002947,0.8802000000000589,0.44010000000002947,0.44010000000002947,0.44010000000002947,0.7922999999999547,0.8802000000000589
2021-05-09 06:15:00,0.01759999999990214,0.0,0.44010000000002947,0.043999999999755346,0.0,0.01759999999990214,0.0,0.0,0.08809999999994034,0.0,0.0,0.44010000000002947,0.44010000000002947,0.44010000000002947,0.0,0.0
